alert_id,manufacturer_std,device,cause_category,cause_en,corrective_action,my_grade,my_reason
360,Alba Bioscience,ORTHO™ Sera Anti – Lea,Incorrect test result (IVD),A Customer Complaint investigation has confirmed that the lots of ORTHOTM Sera Anti Lea stated above show unexpected negative results with Lea antigen positive red cells This phenomenon was noted during testing of these lots against reagent red blood cells and EDTA red cells positively expressing the Lea antigen,• The reagents listed above should be removed from use and discarded. Quotient is recommending that a review of previous donor and patient testing performed with these lots of antisera should be conducted. • Repeat testing should be conducted using an alternative lot of antisera if previously obtained results appear anomalous. • All required regulatory notifications are being completed. We request,,
663,BD,BACTEC™ MGIT™ 960 PZA Kit,Incorrect test result (IVD),Through internal BD complaint trending and subsequent internal raw material testing it was identified that the BD BACTEC MGIT PZA Kits listed in Appendix may intermittently produce falsely resistant results for pyrazinamide PZA during susceptibility testing of Mycobacterium tuberculosis isolates,Clinical User Actions • Customers should discard the affected product immediately. • There are no recommendations for retesting or reviewing previous patient test results. BD Actions: • BD will issue credit to the customers. • BD has identified the root cause and is taking action to prevent recurrence of this product issue. Customer Actions: • Cease use of any unused affected lots of BD BACTEC™ MG,,
1429,BD,BD BACTEC™ MGIT™ 960 STR 4.0 Kit,Labelling / IFU,BD has identified internally that the BD BACTEC MGIT Streptomycin Solution vial material JAA batch supplied as a component in the BD BACTEC MGIT Streptomycin Kit listed in Table has been labeled with an incorrect expiration date of April The correct expiration date for this product is May While the kit carton displays the correct expiration date the individual vial label does not,"Clinical User Actions 1. Customers should immediately discard the affected vial of lyophilized streptomycin from the BD BACTEC™ MGIT™ 960 Streptomycin 4.0 Kit. Note: No other components in the kit are required to be discarded. 2. If this product has already been used, no additional patient follow-up actions are required. BD Actions: BD has identified the root cause and is taking corrective actions",,
1129,Beckman Coulter,APO B,Incorrect test result (IVD),The Apo B Lot VAS LOSR ML contains an incorrect target value of mg dL for the level calibrator ODR Lot The correct level target value is mg dL The value in g L unit is correct,"If your laboratory is reporting Apo B results generated using the combination of reagent OSR6143, Lot 2631 and calibrator ODR3022, Lot 3000 in mg/dL units, a retrospective review of patient results greater than 77 mg/dL and less than 176 mg/dL is recommended. Beckman Coulter requests that each customer  Discard the value assignment sheet located within each kit of Apo B OSR6143 Lot 2631.  Downlo",,
1047,Beckman Coulter,DxC 500i Clinical Analyzer,Incorrect test result (IVD),Beckman Coulter has determined that the DxC i Clinical Analyzer might assign a test result to an incorrect sample ID under the following workflow conditions After loading a barcoded sample tube Sample A onto the DxC i Clinical Analyzer all tests ordered for that barcoded sample tube are locked into the specific position of that barcoded tube on the analyzer for example the position on the DxLab Rack Carousel Rack or position in the STAT table until all tests are completed or cancelled for that sample tube A problem might occur if for any reason all tests ordered for that barcoded sample tube Sample A are not completed or remain in pending and the operator attempts to analyze a second sample tube Sample B in that same position on the rack or STAT table If the barcode for Sample B is not successfully scanned by the analyzer or if the sample tube is not labelled the analyzer assumes the sample that previously occupied that position has been reloaded Sample A The analyzer will complete and report the pending tests associated with Sample A using Sample B No results will be reported for Sample B For chemistry test analysis on the DxC i analyzer there is no real time sample event that alerts the operator when tests have not completed Only when the system returns to standby is the notification generated on the Sample Events page For immunoassay test analysis on the DxC i analyzer a sample event is generated immediately with details of the test that cannot be run e g Rack ID Position Insufficient reagent PSA Hyb loaded This issue does not arise if all barcoded sample tubes are successfully scanned or if testing is complete for the first barcoded sample Sample A," Beckman Coulter recommends reviewing your laboratory workflow, sample labeling/label integrity and positioning to determine impact and sharing this with your laboratory and/or Medical Director.  Follow the attached Job Aid, which will prevent the operator workflow described in the ISSUE section. The Job Aid will outline how to use the sample list to manage the samples which have not completed. ",,
179,Beckman Coulter,Electrode-K,Other,Beckman Coulter has determined that K electrodes with the lot number and serial numbers listed in the table above were filled with an incorrect inner liquid," Check the serial number (S/N) on the label of any K electrodes currently installed on your instruments: o If the S/N of the K electrodes is listed above:  Stop using the K electrode.  Dispose of the K electrode according to your laboratory protocol.  Replace the K electrode with one S/N that is not listed above.  Refer to the “Replace the Na, K, or CL Electrode” procedure in the instrument I",,
176,Beckman Coulter,UniCel DxI 800 Access Immunoassay System,Other,Beckman Coulter has determined that Access UniCel DxI and UniCel DxI luminometer lock nuts fitted on multiple instrument serial numbers may contain Cadmium levels that are above the limit allowable by the Restriction of Hazardous Substances RoHS Beckman Coulter has determined that the UniCel DxI and UniCel DxI bulk feeder II chute block sensor fitted on multiple instrument serial numbers may contain Cadmium levels that are above the limit allowable by the Restriction of Hazardous Substances RoHS,"• No action is necessary by end users. • Due to the environmental hazard of Cadmium, Beckman Coulter will dispose of all affected luminometer lock nuts, bulk feeder II chute sensor blocks, and/or the instruments that contain these parts, according to the applicable regulations. • During the next semi-annual preventative maintenance or repair visit, a Beckman Coulter service representative will: o ",,
667,Beckman Coulter,Access HBc Ab,Incorrect test result (IVD),Beckman Coulter has determined that reagent packs from Access HBc Ab reagent kit lot number listed in the table above may contain an unusual amount of PMP clumping at the top of Well," Before inversion, visually inspect all reagent packs from Access HBc Ab reagent kit lot number listed in the table above.  For any Access HBc Ab reagent pack where PMP clumping is observed at the top of Well 0: o Discontinue using the reagent pack and discard following your local laboratory protocols. o Contact your local Beckman Coulter representative to order replacement product for any affec",,
1403,Diagnostic Grifols S A,Erytra,Incorrect test result (IVD),Incorrect results can be assigned for an autocancelled and rescheduled test A correct result is obtained for the rescheduled test while no results are obtained for the auto cancelled one The interpretation of the rescheduled test is shown in the results detail screen and traceability report However the system shows a wrong result interpretation in the results screen and this result is sent to the LIS The issue occurs due to a very rare concurrency problem in the database management Three conditions must be met to trigger the incident A test is automatically cancelled and rescheduled This test is rescheduled while its status is already RUNNING The software is not able to successfully discard the cancelled test Due to this error the test remains internally linked to two different instances of the technique the cancelled one and the one that is created upon rescheduling The microtube results from the cancelled execution have no information but the software assigns a default interpretation result The information contained in the executed instance is correct However the interpretation result shown in the results screen for this technique is from the cancelled technique instance,"If you have installed software version 4.5.0, you are requested to install patch v4.5.1 on your Erytra analyzer, which is already available and can be remotely installed, or to install software version v4.6.1, which will be available for installation in the next weeks. If you have installed software version 4.6.0, you are requested to install software version 4.6.1 on your Erytra analyzer, which w",,
437,Diamed,,Incorrect test result (IVD),The purpose of this letter is to inform you about a quality issue we are facing with Bio Rad reagent intended for antibody screening Reason for the Field Safety Notice We have been able to confirm an increased level of complaints and adverse events related to weak non specific reactions when using ID System screening reagents in Indirect Antiglobulin Testing IAT for QC donor and patient samples Customers using both the manual and instrument methods reported weak positive reaction results identified as wR and sometimes on instruments instead of an expected clearly negative reaction in IAT These doubtful reactions or in some cases weak positive reactions may occur randomly among batches The investigations so far point out that a possible enhancer of the phenomenon is the combination of certain lots of reagents red blood cells with certain lots of associated IDCards Kindly review the attached UFSN,"Action(s) to be taken by the Customer: The capacity of impacted reagents to detect clinically significant antibodies is not affected by the issue described above. For that reason, you may continue to use these products for their intended purpose. In case you would experience non-specific reaction impacting your ability to render results, Bio-Rad is requesting that customers affected by this notice",,
255,Diasorin,"LIAISON® 25 OH Vitamin D TOTAL Assay, LIAISON® 25 OH Vitamin D TOTAL Assay 200",Incorrect test result (IVD),DiaSorin has determined that the bias between plasma and serum samples is greater than stated in the Instructions for Use IFU for the LIAISON OH Vitamin D TOTAL Assays REF and REF The IFU includes a statement in Section Specimen Collection and Preparation that Human plasma collected in EDTA or lithium heparin tube types reported a mean bias of versus serum,"•Do not test specimens collected in EDTA-plasma or lithium heparin plasma tube types using the LIAISON® 25 OH Vitamin D TOTAL kits. •Serum specimens can continue to be used to test and report patient results. •Please share this information with your Laboratory Medical Director and anyone in your facility that may be impacted by this notice. •Due to the low health risk, retesting of previously repo",,
875,Diasorin,LIAISON Q.S.E.T. Device Plus,Mechanical / material failure,Internal investigation has determined that of the tubes in the lots identified may have loose clear caps The loose clear caps may allow leakage of the buffer from the tube,"Devices should be inspected for loose clear caps prior to use. The user should confirm that the clear cap is tight by grasping the cap and twisting. If the cap is loose, the device should be discarded. Do not attempt to use the device as the loose clear cap may have allowed the buffer to leak and the buffer volume may be insufficient",,
1286,Immunotech A Beckman Coulter,Access hsTnI,Incorrect test result (IVD),In remote circumstances if a sample containing high cardiac troponin cTnI is tested using an Access assay other than Access hsTnI cTnI carryover may occur if the next test performed using the same probe on that instrument is Access hsTnI on a different sample Following additional feedback Beckman Coulter is providing representative data for the magnitude of carryover observed in internal studies,• Follow your established laboratory protocols for analyzing and retesting discrepant samples if an observed Access hsTnI test result does not align with the patient’s clinical presentation. • Beckman Coulter recommends reviewing the content of this letter with your laboratory and/or medical director to determine appropriate next steps.,,
167,Nova Biomedical,Stat Profile Prime Plus,Other,Reporting enormous Creatinine patient results associated with the initial start up of a new BUN Creatinine Sensor Cartridge,1. Software upgrades have been performed on ALL Prime Plus analyzers installed at customer sites as well as all demonstration systems. 2. Affected Customers were notified and given International Field Correction Notice Response Form 1 and 2 from Manufacturer. 3. Software for affected units upgraded as per manufacturer's instructions. 4. Affected 2 Customers signed that the corrective action (Softw,,
246,Ortho Clinical Diagnostics,ORTHO VISION Analyzer,Incorrect test result (IVD),Root Cause The wash protocol for ORTHO Sera Anti Jkb on the ORTHO VISION VISION Max BioVue Analyzer does not sufficiently clean the internal surface of the probe to prevent false positive test results due to carryover of ORTHO Sera Anti Jkb An effective wash protocol has been identified and will be implemented in an upcoming modification At this time Ortho s investigation is ongoing and to date has not identified carryover issues related to any of the remaining ORTHO Sera specificities when tested on the ORTHO VISION VISION Max BioVue Analyzers,"Until the wash protocol is modified. •The continued use of ORTHO Sera Anti-Jkb on the ORTHO VISION/VISION Max Analyzer must only be done using the directions provided in the Resolution Section of this letter. •Review the content of this communication with your Medical Director and retain this letter for your laboratory. •Complete the enclosed Confirmation of Receipt form no later than December 15,",,
718,Ortho Clinical Diagnostics,ORTHO Optix™ Reader,Other,Starting with SW V customers may process multiple tests on a single Cassette followed by a single imaging event without having to image the Cassette for each order individually For the most efficient Cassette usage associate the first test to the columns and determine if additional tests need to be assigned to the remaining columns If so associate all and process all tests prior to the imaging event,"• Until a Software Update is released to resolve the issue, a partial Cassette must not be re-used after the first imaging event on the same ORTHO Optix Reader. • Note: Starting with software version V2.0.0.2870 customers may process multiple tests on a single cassette followed by a single imaging event (without having to image the cassette for each order individually). • Complete and return the e",,
117,Ortho Clinical Diagnostics,VITROS 3600 Immunodiagnostic System,Incorrect test result (IVD),Ortho Clinical Diagnostics QuidelOrtho received complaints related to this issue as of Jul we have received no complaints QuidelOrtho confirmed the issue and determined that certain Proboscis Piston Assembly or Assemblies manufactured between Apr Date code and Dec Date code may not perform as intended due to an out of specification barrel component This may cause VITROS VersaTips and or VITROS MicroTips to be improperly seated on the barrel component of the Assembly which may result in an increased frequency of condition codes related to the actions of tip pickup aspirate dispense mix tip seal and discard Due to the small VITROS MicroTip and VersaTip dimension variability within manufacturing tolerances and the way these Tips interact with the Assembly Assemblies manufactured within the affected date range may not perform as intended based on the Tips currently in use To determine if a laboratory is using an Assembly that was manufactured within the affected date range customers are instructed to check the date code stamped into the barrel of the Assembly Refer to the customer letter for an example image of how to locate the date code on the barrel component of the Assembly If a laboratory has an Assembly with a date code between the Assembly is considered affected and must be replaced QuidelOrtho will provide a credit OR no cost replacement for each affected Assembly This includes all affected Assemblies in the laboratory including spare Assemblies not yet installed on a VITROS System specifically for biased results related to this issue nor have we experienced biased results during our investigation,"Determine if any of the impacted VITROS Systems in their laboratory are using an affected Proboscis/Piston Assembly by checking the date code stamped into the barrel component. Once a replacement Proboscis/Piston Assembly is received, discard all affected Assemblies within the date range of 040722 - 121922. • Determine if their inventory of VITROS spare parts contains any affected Proboscis/Piston",,
567,Qiagen,QIAcube Connect MDx instrument,Other,The heater shaker module does not perform heating if the temperature is set below C for static incubation steps when running these protocols,Product Defect Correction,,
414,Randox,,Incorrect test result (IVD),Randox Laboratories has identified that the Microalbumin Calibrator Series MA MA is running with a negative bias compared to other methods We have reassigned the target values in the above lot numbers in line with the ERM reference material Please refer to the table below for the updated calibrator targets You may experience a shift in Quality Control and patient sample recovery of up to,"If a shift in Quality Control is experienced and patient sample recovery of up to +12%. Please discard all copies of the calibrator Instructions For Use (IFU)s and download the updated IFUs from www.randox.com. If further information is required, please contact technical.services@randox.com.",,
487,Randox,,Incorrect test result (IVD),Randox Laboratories can confirm the analyte NEFA in the above listed lots and packed into the above listed batches has increased over the shelf life of the product and requires the targets and ranges to be reassigned Please see below table for updated targets and ranges The value sheets have been updated and are available on www randox com please discard the previous version and download the updated version,Transmission of Customer Notification: Send a copy of the notification to all affected customers and to those who need to be aware within the organisation. Complete and return the response form (12187-QA) to technical.services@randox.com within five working days.,,
1209,Randox,RX Daytona + with ISE/ RX Daytona + without ISE / RX Imola / RX Modena /RX Monaco / RX Misano,Design / installation / use,Randox Laboratories have updated the following analyser manuals to remove references to compliance to EU Directive EC and replace this with In vitro diagnostic devices are designed and developed in compliance to the regulations and country requirements listed in the regulatory assessment Randox Laboratories have also added the RX carryover avoidance information to the RX Imola RX Daytona and RX Modena operator manuals,Transmission of Customer Notification: Send a copy of the notification to all affected customers and to those who need to be aware within the organisation. Complete updated RX analyser operator manuals in PDF format and individual page updates are available on request. Complete and return the response form (12187-QA) to technical.services@randox.com within five working days.,,
233,Randox,Serology ORCH igM POSITIVE CONTROL,Labelling / IFU,Randox Laboratories can confirm there has been a decrease in the reactivity of HSV Type IgM in the Serology ToRCH IgM Positive Control SR lot SR when tested on the DiaSorin Liaison XL While still testing positive for HSV Type IgM we advise that all customers cease the usage of the control for this marker as a precaution The other markers within this lot are not affected Please discard all copies of the IFU and download the latest version from www randox com,- Discuss the contents of this notice with your Medical Director. • Complete and return the response form 12187-QA to technical.servicesPrandox.com within five working days. • Please discard all copies of the IFU and download the latest version from www.randox.com.,,
1373,Randox,Liquid Assayed Specific Protein Control Level 1,Incorrect test result (IVD),Randox Laboratories can confirm that the Rheumatoid Factor RF concentrations in Liquid Assayed Specific Protein Controls Level Lots LPC and LPC have decreased Randox have since updated the IFU s and removed the associated targets and ranges as the controls are at the sensitivity limit of some methods Randox Laboratories can also confirm that Rheumatoid Factor RF target and range values have been reassigned in level lots LPC LPC and level Lot LPC Please see table below for updated target values,Action to be taken: Transmission of Customer Notification: Send a copy of the notification to all affected customers and to those who need to be aware within the organisation. Complete and return the response form (12187-QA) to technical.services@randox.com within five working days. Download updated IFU from www.randox.com and discard previous copies. Please accept our apologies for any inconvenie,,
115,Randox,"RX Daytona Plus (with ISE), RX Daytona Plus (without ISE), RX Imola, RX Modena, RX Monaco",Labelling / IFU,Randox are currently investigating RX Parameter rerun settings Sample Volume Low High and Dilutions used for Auto reruns on the following analysers RX Daytona Plus with ISE RX Daytona Plus without ISE RX Imola RX Modena and Sample Volume Decrement Increment on the RX Monaco analyser Results outside the upper and lower limit technical range will have an evaluation flag or added to the measurement result If the Automatic rerun function has been enabled the analyser will apply the rerun settings and perform the rerun function and results will be flagged with r Indicating that the result is a rerun measurement result Randox recommendations Auto rerun settings are disabled see Appendix A for guidance for each Rx instrument Results with flag reported as the bottom of the technical range Sample Volume settings Low should not be applied Results with flag reported as the top of the technical range Sample Volume settings high and dilutions should not be applied A manual dilution should be performed and results multiplied by the dilution factor results with r should not be reported The RX Parameter rerun settings will be updated with a parameter release in due course the Instructions For Use will also be updated at this time,- Discuss the contents of this notice with your Medical Director. • Complete and return the response form 12187-QA to technical.services@randox.com within five working day,,
277,Randox,Calibration Serum Level 3,Labelling / IFU,There have been transcription errors on the IFU for the Calibration Serum Level CAL Additionally Standardisation is off by to the reference material for CK NAC The target for ALP for the AMP optimised to IFCC oC method has been mis assigned for the RX Series instruments in Calibration Serum Level CAL lot UE by approximately,Notifying the customers by email and implementing IFU or labelling change,,
1146,Randox,Urea,Incorrect test result (IVD),Randox is conducting a Device Recall for Urea reagent catalogue number UR batch The R b Enzyme Reagent is no longer meeting its reconstituted stability claims of weeks at to C or days at to C The calibration factor QC s and patient samples may decrease during repeat testing by up to within hrs of reagent reconstitution,Action to be taken: Discontinue use of and discard any of the above immediately. Provide Randox with photographic evidence of the destruction of the kits. Review your reagent inventory of these products and assess your laboratories needs for reimbursement for discarded inventory. Review results generated with the affected batches in line with the clinical profile of the patient. Discuss the conten,,
111,Randox,Human Assayed Multi-Sera Control Level 3,Incorrect test result (IVD),Randox Laboratories can confirm that the stability for AST GOT has been reduced from days to days when stored at C for Human Assayed Multi Sera Control Level HE lot UE The Instructions For Use IFU have been updated and is now available on www randox com Please discard any previous versions of the IFU and download the updated IFU This change applies to this lot only,Transmission of Customer Notification: Send a copy of the notification to all affected customers and to those who need to be aware within the organisation. Complete and return the response form (12187-QA) to technical.services@randox.com within five working days. Please accept our apologies for any inconvenience caused. Thank you for your patience and understanding. If you have any questions or co,,
1431,Randox,RX Daytona + with ISE,Sterility / packaging,Randox Laboratories have updated the following analyser manuals to include further information on maintenance and prevention of cross contamination carryover avoidance Please refer to the technical bulletins listed below for the complete details,"Transmission of Customer Notification: Send a copy of the notification to all affected customers and to those who need to be aware within the organisation. Complete and return the response form (12187-QA) to technical.services@randox.com within five working days. Once received, the updated pages from the manuals will be shared. The compete updated Rx manuals are also available in electronic format",,
1219,Roche,aPTT Screen cobas t 600T aPTT Lupus cobas t 600T aPTT cobas t 600T,Other,The carryover occurs when the coupling nut is not tightened sufficiently In this case aPTT Screen aPTT Lupus and aPTT can be affected by carryover,"Customers are requested to mount the heated probe according to the maintenance workflow or user assistance. Special attention is required during the mounting of the heated probe (Also see attachment 1). ● In addition, to ensure correct results for samples with aPTT Screen clotting times >50 sec, customers are requested to keep the already implemented reflex test and to make sure to have the latest",,
1550,Roche,cobas c 703 Analytical Unit,Mechanical / material failure,To prevent occurrences of premature deterioration to the Reaction Cells Wash tubing Roche Diagnostics Service Team will schedule additional service visits to replace tubing that is older than months A Corrective and Preventive Action CAPA investigation has been initiated and the root cause investigation continues Once the root cause analysis is complete appropriate corrective and preventive measures will be defined and communicated as needed,"Customers can continue to use the affected device, but should perform a visual check of the rinse tubing immediately. ● In addition, please perform a visual check of the Reaction Cells Wash tubing when executing the monthly operator maintenance action “Replace Reaction Cells”. Please refer to the following attachment to FSN version1. ● In case you identify any damage on the tubing, please report t",,
1465,Sebia,CAPI 3 IMMUNOTYPING,Other,These abnormal subtractions lead to difficulty in interpreting the light chain which can appear Either completely subtracted in Kappa and Lambda simultaneously in the case of IgM Kappa Or partially subtracted in Lambda This makes interpretation impossible and in some cases may lead to errors,"Our traceability indicates that you received one of this lot number, therefore, we kindly ask you to: 1. Destruct all remaining kits of CAP! 3 IT of these incriminated lots in your possession. 2. Check the results obtained with these kits (start date of delivery of these lots: 04/09/2025). 3. Fill-in the enclosed forms (Information certificate and destruction form), precisely indicate the number o",,
754,Siemens Healthineers,Atellica IM CA 19-9,Incorrect test result (IVD),Issue Description Siemens Healthineers has confirmed through the investigation of customer complaints a positive bias for some samples around a concentration of U mL with the lots listed in the table below as compared to the previous lot The sample bias observed was greatest in the Asia Pacific sample population The observed bias is not proportional across the assay measuring interval and is less pronounced for sample results above a concentration of U mL This issue is isolated to the product listed in the table below See Appendix for data in Figures Kindly review the attached UFSN,"Customer Actions • Please review this letter with your Medical Director to determine the appropriate course of action, including for any previously generated results, if applicable. • Perform the instructions provided below: o Discontinue use of and discard the kit lots listed in the table above (Products Section). o If you experience this issue, you may request no-charge replacement product from ",,
1263,Siemens Healthineers,Atellica® CH D_TBil,Incorrect test result (IVD),Issue Description Siemens Healthineers has confirmed through complaint investigation that the lot calibration claim of days per the Instructions for Use may not be met when using the Atellica CH D TBil assay due to insufficient reagent P light protection Siemens investigation indicated that light exposure of the reagent could potentially lead to falsely elevated or depressed results upon switching reagent wells or packs and a potential for differing performance between reagent wells of the same pack The direction of result bias depends on the pack used for lot calibration and the relative light exposure of subsequent packs to which the lot calibration is applied All in date Atellica CH D TBil lots used on the Atellica CH and Atellica CI analyzers are impacted by this issue Note Once the reagent pack is loaded onto the analyzer the light shielded compartment prevents any further light exposure A design change will be performed to change to opaque black packs to address light sensitivity Kindly review the attached Urgent Field Safety Notice,"Customer Actions • Perform the instructions provided below: 1. All D_TBil reagents must be stored in their outer kit box and out of direct light. ▪ If stored in a walk-in cold room, it is important to keep lighting off when not in use. ▪ Consider storing kit boxes on lower shelving and away from direct lighting. ▪ If possible, store kit boxes in a refrigerator with an opaque door or within a secon",,
1377,Siemens Healthineers,Atellica® CH UCFP,Incorrect test result (IVD),Issue Description Siemens Healthineers previously issued an Urgent Field Safety Notice ACHC A OUS communicating the potential for falsely depressed patient quality control QC and or calibration results with the Atellica CH UCFP assay The initial Urgent Field Safety Notice included instructions to change the well status setting to Empty in certain scenarios This follow up communication provides a set of simplified instructions in the Customer Actions section below All future lots are impacted until further notice Siemens is working to determine root cause and restore the assay performance See Appendix for Detailed Customer Instructions Kindly review the attached,"Customer Actions • Moving forward, keep only one (1) Atellica CH UCFP reagent pack onboard the system at a time. • Unload any Atellica CH UCFP packs that are currently onboard the system. • Siemens is instructing customers to perform QC on each well. Follow the instructions provided below: o Enable QC on Pack Change By Assay Type for CH to allow for QC to be processed when switching between wells.",,
758,Siemens Healthineers,Atellica IM aTPO,Incorrect test result (IVD),Issue Description Siemens Healthineers has confirmed customer complaints of a positive bias in patient results at and below the cut off of U mL with the lots listed in the table below when compared to alternate lots on the Atellica IM analyzer Atellica CI does not exhibit the same positive bias as observed with the Atellica IM analyzer The observed bias is not proportional across the assay measuring interval and becomes less significant as sample concentration increases The Expected Values cut off of U mL has been verified with euthyroid patient samples on the Atellica CI and Atellica IM analyzers Please note this issue is limited to only the kit lots ending in as listed in the table below Kindly review the attached UFSN,"Customer Actions • Please review this letter with your Medical Director to determine the appropriate course of action, including for any previously generated results, if applicable. • Perform the actions provided below: o Discontinue use of and discard the kit lots listed in the table above (Products Section). o You may request no-charge replacement product from your local Siemens Healthineers or ",,
874,Siemens Healthineers,Atellica IM EPO,Incorrect test result (IVD),Issue Description Siemens Healthineers is communicating the resolution to Urgent Field Safety Notice UFSN AIMC A OUS Atellica IM and ADVIA Centaur Erythropoietin EPO Negative Bias versus WHO Standardization released on Jan regarding the negative bias as compared to the rd World Health Organization WHO International Standard NIBSC code Siemens Healthineers has restored alignment to the WHO Standard and verified the reference interval as claimed in the Instructions for Use IFU starting with the products listed in the table below Customers using Atellica IM and ADVIA Centaur EPO WHO realigned assay must ensure use of WHO realigned Quality Control and Master Curve Material products as specified in the Appendix Table See Appendix for Additional Data in Tables Kindly review the attached Follow up Urgent Field Safety Notice,"Customer Actions • Please review this letter with your Medical Director to determine the appropriate course of action, including for any previously generated results, if applicable. • Perform the instructions provided below: o Users may evaluate and implement the restored Atellica IM and ADVIA Centaur EPO Assay kit lots. o Complete and return the Field Correction Effectiveness Check Form attached ",,
1563,Stago,Reagent,Incorrect test result (IVD),some strips of Reagent from Asserachrom HPIA lot had a coloring defect,We will proceed with the disposal of the kits(Destroy).,,
1375,Stago,Reagent,Other,Stago conducted investigations and confirmed a potential risk of underestimation of D Dimer D Di levels with the two listed lots of STA Liatest D Di Plus,Discontinue their use and dispose of them in accordance with your local regulations.,,
983,Sysmex,Sample Preparation System PS-10,Incorrect test result (IVD),Sysmex was made aware of a report of false results because of carry over issue by omission of the probe wash step during antibody pipetting on sample preparation unit PS The lack of probe washing may cause carry over of small portion of antibody reagent to another reagent a primary sample or secondary daughter tubes This may cause incorrect sample preparation in the secondary daughter tubes and incorrect results when the sample is analyzed on a flow cytometer We would like to emphasize that there is only potential carry over of antibody reagent and no sample carry over The investigation reproduced the failure and confirmed the lack of necessary washing process during antibody pipetting This omission of the probe wash step could occur when the number of potential dispenses per antibody in a run exceeds two This software failure was introduced into PS software Ver and affects Ver and only Even if Ver or Ver is used the defect does not affect the cocktail creation,"1. Until a Sysmex representative visits you, please limit use only for cocktail creation or please do not use the instrument running PS-10 software Ver 1.5 or 1.6. 2. Review the content of this communication with your facility's physician and/or pathologist and retain this letter for any future reference. 3-Sysmex advises you to consult your facility's physician and/or pathologist to determine any",,
947,Werfen,HemosIL Heparin Calibrators,Incorrect test result (IVD),We have received customer complaints of heparin controls reporting low out of their assigned acceptance range with HemosIL Liquid Anti Xa leading to delays in patient testing Our internal investigation has identified that the value assignment of the HemosIL Heparin Calibrators has shown a bias against the WHO International Standards for UFH and LMWH potentially causing reduced recovery when measuring heparin on both controls and samples Note Apixaban and rivaroxaban measurements with HemosIL Liquid Anti Xa are unaffected as these tests use different calibrators To ensure accurate heparin reporting customers must follow the instructions below to update the calibrator values for Heparin Calibrator HEP CAL and Heparin Calibrator HEP CAL in the ACL TOP test parameters all instrument models ACL TOP Family ACL TOP Family Series and ACL TOP Family Series using the corrected values provided in Appendix A The Heparin Calibrator HEP CAL level remains unchanged as IU mL We will also verify the value assignments for on market lots of HemosIL UF Heparin Controls Part No and HemosIL Low Molecular Weight Heparin Controls Part No using a representative reagent lot recalibrated based on the corrected HEP CAL and HEP CAL values If needed we will provide new acceptance ranges for these controls to you Until then perform quality control testing per labeled instructions for use If the HemosIL UF Heparin Controls or HemosIL Low Molecular Weight Heparin Controls recover out of the lot specific acceptance ranges determine your own control ranges per your internal protocol,"Based on the above, please take the following immediate actions:  Check inventory for lots of HemosIL Heparin Calibrators (Part No. 0020300600). See Appendix A for a list of in-date lots with corrected value assignments for the HEP CAL 2 and HEP CAL 3 levels.  Follow the instructions below to update the ACL TOP test parameters (same instructions for all models):  Select “Setup” from the menu ba",,
